{"tfjsVersion":"1.7.4","tmVersion":"0.8.6","packageVersion":"0.8.6","packageName":"@teachablemachine/pose","timeStamp":"2025-10-15T06:14:18.764Z","userMetadata":{},"modelName":"my-pose-model","labels":["1、雙手托天理三焦","2.1、左右開弓似射雕(左)","2.2、左右開弓似射鵰(右)","3.1、調理脾胃須單舉(左)","3.2、調理脾胃須單舉(右)","4.1、五勞七傷往後瞧(左)","4.2、五勞七傷往後瞧(右)","5.1、搖頭擺尾去心火(預備姿勢)","5.2、搖頭擺尾去心火(轉頭)","6.1、雙手攀足固腎腰(腰)","6.2、雙手攀足固腎腰(摸小腿)","7.1、攢拳怒目增氣力(左)","7.2、攢拳怒目增氣力(右)","8、背後七顛百病消"],"modelSettings":{"posenet":{"architecture":"MobileNetV1","outputStride":16,"inputResolution":257,"multiplier":0.75}}}